step,kernel,run_dir,protect_ns_per_page,restore_ns_per_page,post_touch_ns_per_page,iteration_ns_per_page,expected_match_ratio,unexpected_results,smaps_before_kernel_page_kb,smaps_before_mmu_page_kb,smaps_before_anon_huge_kb,smaps_after_kernel_page_kb,smaps_after_mmu_page_kb,smaps_after_anon_huge_kb
0,6.16.0-bm-6.16,raw/mprotect_minus_cac_20260702/runs/20260702T134239Z_6.16.0-bm-6.16,8,8,8,25,100,0,4,4,0,4,4,0
1,6.17.0-bm-6.17,raw/mprotect_minus_cac_20260702/runs/20260702T134415Z_6.17.0-bm-6.17,14,14,10,38,100,0,4,4,0,4,4,0
2,6.17.0-bm-6.17-minus-cac1db8c3aad,raw/mprotect_minus_cac_20260702/runs/20260702T134553Z_6.17.0-bm-6.17-minus-cac1db8c3aad,9,9,8,27,100,0,4,4,0,4,4,0
3,6.16.0-bm-6.16,raw/mprotect_minus_cac_20260702/runs/20260702T134729Z_6.16.0-bm-6.16,8,8,8,25,100,0,4,4,0,4,4,0
4,6.17.0-bm-6.17,raw/mprotect_minus_cac_20260702/runs/20260702T134905Z_6.17.0-bm-6.17,14,14,8,36,100,0,4,4,0,4,4,0
5,6.17.0-bm-6.17-minus-cac1db8c3aad,raw/mprotect_minus_cac_20260702/runs/20260702T135043Z_6.17.0-bm-6.17-minus-cac1db8c3aad,9,9,8,27,100,0,4,4,0,4,4,0
6,6.16.0-bm-6.16,raw/mprotect_minus_cac_20260702/runs/20260702T135219Z_6.16.0-bm-6.16,8,8,8,25,100,0,4,4,0,4,4,0
7,6.17.0-bm-6.17,raw/mprotect_minus_cac_20260702/runs/20260702T135522Z_6.17.0-bm-6.17,14,14,8,36,100,0,4,4,0,4,4,0
8,6.17.0-bm-6.17-minus-cac1db8c3aad,raw/mprotect_minus_cac_20260702/runs/20260702T135659Z_6.17.0-bm-6.17-minus-cac1db8c3aad,9,9,8,26,100,0,4,4,0,4,4,0
