step,kernel,iteration_ns_per_page,protect_ns_per_page,restore_ns_per_page,post_touch_ns_per_page,expected_match_ratio,unexpected_results,run_dir
0,6.12.77-bm-6.12.77,26,9,8,8,100,0,runs/20260623T084931Z_6.12.77-bm-6.12.77
1,6.19.9-bm-6.19.9,37,14,14,8,100,0,runs/20260623T085113Z_6.19.9-bm-6.19.9
2,6.19.9-bm-6.19.9-pedro-v3,39,15,15,8,100,0,runs/20260623T085250Z_6.19.9-bm-6.19.9-pedro-v3
3,7.0.9-bm-7.0.9,36,14,14,8,100,0,runs/20260623T085427Z_7.0.9-bm-7.0.9
4,7.1.0-rc3-bm-mm-unstable-pedro-444fc9435e57,39,15,15,8,100,0,runs/20260623T085604Z_7.1.0-rc3-bm-mm-unstable-pedro-444fc9435e57
5,6.12.77-bm-6.12.77,26,9,8,8,100,0,runs/20260623T085747Z_6.12.77-bm-6.12.77
6,6.19.9-bm-6.19.9,37,14,14,8,100,0,runs/20260623T085928Z_6.19.9-bm-6.19.9
7,6.19.9-bm-6.19.9-pedro-v3,39,15,15,9,100,0,runs/20260623T090105Z_6.19.9-bm-6.19.9-pedro-v3
8,7.0.9-bm-7.0.9,36,14,14,8,100,0,runs/20260623T090243Z_7.0.9-bm-7.0.9
9,7.1.0-rc3-bm-mm-unstable-pedro-444fc9435e57,39,15,15,9,100,0,runs/20260623T090419Z_7.1.0-rc3-bm-mm-unstable-pedro-444fc9435e57
10,6.12.77-bm-6.12.77,26,9,8,8,100,0,runs/20260623T090601Z_6.12.77-bm-6.12.77
11,6.19.9-bm-6.19.9,37,14,14,8,100,0,runs/20260623T090742Z_6.19.9-bm-6.19.9
12,6.19.9-bm-6.19.9-pedro-v3,39,15,15,8,100,0,runs/20260623T090920Z_6.19.9-bm-6.19.9-pedro-v3
13,7.0.9-bm-7.0.9,36,14,14,8,100,0,runs/20260623T091057Z_7.0.9-bm-7.0.9
14,7.1.0-rc3-bm-mm-unstable-pedro-444fc9435e57,39,15,15,8,100,0,runs/20260623T091235Z_7.1.0-rc3-bm-mm-unstable-pedro-444fc9435e57
